{"cameraMode":{"drawMode":0,"name":"Shaded","section":"Shading Mode"},"sceneLighting":true,"audioPlay":false,"sceneViewState":{"m_AlwaysRefresh":false,"showFog":true,"showSkybox":true,"showFlares":true,"showImageEffects":true,"showParticleSystems":true,"showVisualEffectGraphs":true,"m_FxEnabled":true},"in2DMode":false,"pivot":{"x":0.16935300827026368,"y":2.319912910461426,"z":0.8908085823059082},"rotation":{"x":0.29443421959877016,"y":-0.23836086690425874,"z":0.07609176635742188,"w":0.9223392605781555},"size":4.747346878051758,"orthographic":true}